modality,seed,date,host,python,commit,slurm_job,instance,y_true,y_pred,p_pred,method,kind,k,d,fid_del,fid_suf,sparsity,stability,robustness,n_valid_stab,n_valid_rob,consistency,time_s,auc_gt,precision_gt,n_gt_edges
graph,0,2026-10-05T15:37:57,nodeGcor2,3.11.9,unknown,13156919,338,2,0,0.5221558213233948,gnnexplainer,attribution,6,125,0.8706543337289054,0.3,0.6159748359381056,0.5,0.5,3,3,0.2,0.13161027897149324,0.9663865546218487,0.3333333333333333,6
graph,0,2026-10-05T15:37:57,nodeGcor2,3.11.9,unknown,13156919,338,2,0,0.5221558213233948,pgexplainer,attribution,6,125,0.0,0.25,0.946107966173352,1.0,1.0,3,3,1.0,0.00837185699492693,1.0,1.0,6
graph,0,2026-10-05T15:37:57,nodeGcor2,3.11.9,unknown,13156919,338,2,0,0.5221558213233948,integrated_gradients,attribution,6,125,0.9651498190989708,0.85,0.7037417179731922,1.0,0.5,3,3,1.0,0.17872187495231628,0.49299719887955185,0.6666666666666666,6
graph,0,2026-10-05T15:37:57,nodeGcor2,3.11.9,unknown,13156919,338,2,0,0.5221558213233948,lime,attribution,6,125,0.9865069637486739,0.65,0.420423140068124,0.0909090909090909,0.2,3,3,0.09090909090909091,0.009946563746780157,0.7563025210084033,0.16666666666666666,6
graph,0,2026-10-05T15:37:57,nodeGcor2,3.11.9,unknown,13156919,338,2,0,0.5221558213233948,random,attribution,6,125,0.010888542858476796,0.15,0.3089949027536403,0.0,0.0,3,3,0.0,2.8597190976142883e-05,0.634453781512605,0.0,6
graph,0,2026-10-05T15:37:57,nodeGcor2,3.11.9,unknown,13156919,394,3,0,0.6509295105934143,gnnexplainer,attribution,6,13,0.9720434355311898,0.4,0.30608646402815354,0.7142857142857143,0.7142857142857143,3,3,0.5,0.11510847741737962,0.9047619047619049,0.8333333333333334,6
graph,0,2026-10-05T15:37:57,nodeGcor2,3.11.9,unknown,13156919,394,3,0,0.6509295105934143,pgexplainer,attribution,6,13,0.9720434329712467,0.55,0.6756138924501216,1.0,1.0,3,3,1.0,0.004191207233816385,1.0,1.0,6
graph,0,2026-10-05T15:37:57,nodeGcor2,3.11.9,unknown,13156919,394,3,0,0.6509295105934143,integrated_gradients,attribution,6,13,0.9720434329712467,1.0,0.5456235980944284,1.0,1.0,3,3,1.0,0.04047827376052737,0.7857142857142857,0.8333333333333334,6
graph,0,2026-10-05T15:37:57,nodeGcor2,3.11.9,unknown,13156919,394,3,0,0.6509295105934143,lime,attribution,6,13,0.6122308524595688,0.55,0.38514478718117107,0.5714285714285715,0.5,3,3,0.5,0.006684844847768545,0.7380952380952381,0.6666666666666666,6
graph,0,2026-10-05T15:37:57,nodeGcor2,3.11.9,unknown,13156919,394,3,0,0.6509295105934143,random,attribution,6,13,0.0,0.1,0.3738819864474464,0.24444444444444446,0.2,3,3,0.2,2.1206680685281754e-05,0.30952380952380953,0.3333333333333333,6
graph,0,2026-10-05T15:37:57,nodeGcor2,3.11.9,unknown,13156919,625,1,0,0.5892378687858582,gnnexplainer,attribution,6,201,0.2710429190557905,0.45,0.6646736070971262,0.5,0.2,3,3,0.3333333333333333,0.12847699830308557,0.976068376068376,0.3333333333333333,6
graph,0,2026-10-05T15:37:57,nodeGcor2,3.11.9,unknown,13156919,625,1,0,0.5892378687858582,pgexplainer,attribution,6,201,0.0,0.2,0.9688937643884312,1.0,0.7142857142857143,3,3,1.0,0.004594841971993446,1.0,1.0,6
graph,0,2026-10-05T15:37:57,nodeGcor2,3.11.9,unknown,13156919,625,1,0,0.5892378687858582,integrated_gradients,attribution,6,201,0.9157208843009274,0.8,0.6812524183343973,1.0,0.7142857142857143,3,3,1.0,0.04220993584021926,0.652136752136752,0.3333333333333333,6
graph,0,2026-10-05T15:37:57,nodeGcor2,3.11.9,unknown,13156919,625,1,0,0.5892378687858582,lime,attribution,6,201,0.43262622303258974,0.6,0.4531537506051222,0.16363636363636364,0.09090909090909091,3,3,0.09090909090909091,0.008570847101509571,0.8068376068376069,0.16666666666666666,6
graph,0,2026-10-05T15:37:57,nodeGcor2,3.11.9,unknown,13156919,625,1,0,0.5892378687858582,random,attribution,6,201,0.03849440231039043,0.5,0.31318152495919316,0.0,0.0,3,3,0.0,2.370402216911316e-05,0.4931623931623932,0.0,6
graph,0,2026-10-05T15:37:57,nodeGcor2,3.11.9,unknown,13156919,682,2,0,0.8040992617607117,gnnexplainer,attribution,6,162,0.9584042008523301,0.35,0.6003627285155477,0.24444444444444446,0.5,3,3,0.2,0.11400418588891625,0.9914529914529915,0.6666666666666666,6
graph,0,2026-10-05T15:37:57,nodeGcor2,3.11.9,unknown,13156919,682,2,0,0.8040992617607117,pgexplainer,attribution,6,162,0.0,0.45,0.9652430126121877,1.0,1.0,3,3,1.0,0.004629812203347683,1.0,1.0,6
graph,0,2026-10-05T15:37:57,nodeGcor2,3.11.9,unknown,13156919,682,2,0,0.8040992617607117,integrated_gradients,attribution,6,162,0.977369450281864,1.0,0.7645338786288197,0.8333333333333334,0.7142857142857143,3,3,1.0,0.04204660514369607,0.4935897435897436,0.6666666666666666,6
graph,0,2026-10-05T15:37:57,nodeGcor2,3.11.9,unknown,13156919,682,2,0,0.8040992617607117,lime,attribution,6,162,0.909155992528103,0.95,0.4350478888381206,0.24444444444444446,0.2,3,3,0.3333333333333333,0.00830429419875145,0.607905982905983,0.3333333333333333,6
graph,0,2026-10-05T15:37:57,nodeGcor2,3.11.9,unknown,13156919,682,2,0,0.8040992617607117,random,attribution,6,162,0.10745818369154704,0.3,0.3092923206991369,0.030303030303030304,0.0,3,3,0.0,2.6518944650888443e-05,0.6666666666666666,0.0,6
