modality,seed,date,host,python,commit,slurm_job,instance,y_true,y_pred,p_pred,method,kind,k,d,fid_del,fid_suf,sparsity,stability,robustness,n_valid_stab,n_valid_rob,consistency,time_s,n_superpixels
image,0,2026-10-05T14:18:56,nodeGcor2,3.11.9,unknown,13156891,20,0,0,0.9980966448783875,cam,attribution,5,45,0.0023016655753133794,0.55,0.363397808551698,1.0,0.42857142857142855,3,3,1.0,0.15448414208367467,45
image,0,2026-10-05T14:18:56,nodeGcor2,3.11.9,unknown,13156891,20,0,0,0.9980966448783875,grad_cam,attribution,5,45,0.0023016655753133794,0.5,0.36339781571872476,1.0,0.6666666666666666,3,3,1.0,0.010018585249781609,45
image,0,2026-10-05T14:18:56,nodeGcor2,3.11.9,unknown,13156891,20,0,0,0.9980966448783875,lime,attribution,5,45,0.00189773049276915,0.45,0.45532403009039624,1.0,0.42857142857142855,3,3,0.1111111111111111,0.3183053112588823,45
image,0,2026-10-05T14:18:56,nodeGcor2,3.11.9,unknown,13156891,20,0,0,0.9980966448783875,kernel_shap,attribution,5,45,0.013132369060746427,0.6,0.4205132667768535,1.0,0.42857142857142855,3,3,0.1111111111111111,0.9391057239845395,45
image,0,2026-10-05T14:18:56,nodeGcor2,3.11.9,unknown,13156891,20,0,0,0.9980966448783875,random,attribution,5,45,0.0,0.55,0.34048284533544415,0.1111111111111111,0.0,3,3,0.0,7.391301915049553e-05,45
image,0,2026-10-05T14:18:56,nodeGcor2,3.11.9,unknown,13156891,69,0,0,0.9926088452339172,cam,attribution,5,42,0.040048747665975805,0.6,0.41549723328330235,1.0,1.0,3,3,1.0,0.0030806087888777256,42
image,0,2026-10-05T14:18:56,nodeGcor2,3.11.9,unknown,13156891,69,0,0,0.9926088452339172,grad_cam,attribution,5,42,0.040048747665975805,0.6,0.4177730532114833,1.0,0.6666666666666666,3,3,1.0,0.005740586202591658,42
image,0,2026-10-05T14:18:56,nodeGcor2,3.11.9,unknown,13156891,69,0,0,0.9926088452339172,lime,attribution,5,42,0.009938687109701165,0.35,0.5260827141679774,0.6666666666666666,0.25,3,3,0.25,0.3058841060847044,42
image,0,2026-10-05T14:18:56,nodeGcor2,3.11.9,unknown,13156891,69,0,0,0.9926088452339172,kernel_shap,attribution,5,42,0.0,0.4,0.5405182019498787,1.0,0.1111111111111111,3,3,0.6666666666666666,0.033186488319188356,42
image,0,2026-10-05T14:18:56,nodeGcor2,3.11.9,unknown,13156891,69,0,0,0.9926088452339172,random,attribution,5,42,0.0,0.3,0.427917185272336,0.037037037037037035,0.0,3,3,0.0,2.5292858481407166e-05,42
image,0,2026-10-05T14:18:56,nodeGcor2,3.11.9,unknown,13156891,124,1,1,0.9960044026374817,cam,attribution,5,43,0.11053392569775758,0.6,0.5424621633598297,0.8888888888888888,0.6666666666666666,3,3,1.0,0.0031490870751440525,43
image,0,2026-10-05T14:18:56,nodeGcor2,3.11.9,unknown,13156891,124,1,1,0.9960044026374817,grad_cam,attribution,5,43,0.11053392569775758,0.75,0.5428001711747988,0.7777777777777777,0.6666666666666666,3,3,1.0,0.005705095361918211,43
image,0,2026-10-05T14:18:56,nodeGcor2,3.11.9,unknown,13156891,124,1,1,0.9960044026374817,lime,attribution,5,43,0.20424119171699168,0.9,0.5139798772198377,0.6666666666666666,0.6666666666666666,3,3,0.6666666666666666,0.2520607654005289,43
image,0,2026-10-05T14:18:56,nodeGcor2,3.11.9,unknown,13156891,124,1,1,0.9960044026374817,kernel_shap,attribution,5,43,0.03382004378281564,0.45,0.4224800933074574,1.0,0.42857142857142855,3,3,0.25,0.033486173953861,43
image,0,2026-10-05T14:18:56,nodeGcor2,3.11.9,unknown,13156891,124,1,1,0.9960044026374817,random,attribution,5,43,0.016337976383179888,0.4,0.3439982222980492,0.07407407407407407,0.0,3,3,0.1111111111111111,2.3410189896821976e-05,43
image,0,2026-10-05T14:18:56,nodeGcor2,3.11.9,unknown,13156891,131,1,1,0.9996505975723267,cam,attribution,5,42,0.007908424339689647,0.9,0.43337970049527097,1.0,0.6666666666666666,3,3,1.0,0.003333877306431532,42
image,0,2026-10-05T14:18:56,nodeGcor2,3.11.9,unknown,13156891,131,1,1,0.9996505975723267,grad_cam,attribution,5,42,0.007908424339689647,0.6,0.43337969337502213,1.0,0.6666666666666666,3,3,1.0,0.005813922267407179,42
image,0,2026-10-05T14:18:56,nodeGcor2,3.11.9,unknown,13156891,131,1,1,0.9996505975723267,lime,attribution,5,42,0.020934622102112672,0.65,0.47101354010304375,0.8888888888888888,0.42857142857142855,3,3,0.25,0.2511946680024266,42
image,0,2026-10-05T14:18:56,nodeGcor2,3.11.9,unknown,13156891,131,1,1,0.9996505975723267,kernel_shap,attribution,5,42,0.0006492617531939576,0.45,0.3803656966320703,1.0,0.25,3,3,0.25,0.03309937100857496,42
image,0,2026-10-05T14:18:56,nodeGcor2,3.11.9,unknown,13156891,131,1,1,0.9996505975723267,random,attribution,5,42,0.00262846963596742,0.45,0.30424327891587255,0.12037037037037036,0.0,3,3,0.1111111111111111,2.2755004465579987e-05,42
