modality,seed,date,host,python,commit,slurm_job,instance,n_words,y_true,y_pred,p_pred,method,kind,k,d,fid_del,fid_suf,sparsity,stability,robustness,n_valid_stab,n_valid_rob,consistency,time_s,top_words
text,0,2026-10-05T13:47:15,nodeGcor2,3.11.9,unknown,13155628,307,174,0,0,0.7478001117706299,integrated_gradients,attribution,10,174,0.3185403097273044,0.65,0.5456079230247788,0.8282828282828283,0.6666666666666666,3,3,1.0,0.7163270418532193,"HATE|villains|spoiled|ironic,|sexist|anything...)|rather|torture.|deserves,|THIS!"
text,0,2026-10-05T13:47:15,nodeGcor2,3.11.9,unknown,13155628,307,174,0,0,0.7478001117706299,lime,attribution,10,174,0.5000324007548539,0.55,0.4141474886076211,0.8787878787878789,0.6666666666666666,3,3,0.17647058823529413,0.2960966629907489,HATE|then|green|is|spoiled|is|no|torture.|this|NOT
text,0,2026-10-05T13:47:15,nodeGcor2,3.11.9,unknown,13155628,307,174,0,0,0.7478001117706299,random,attribution,10,174,0.05004398213168113,0.65,0.3250477668153242,0.03508771929824561,0.0,3,3,0.05263157894736842,1.7176847904920578e-05,a|to|better|have|a|that's|name)|also|it'll|what
text,0,2026-10-05T13:47:15,nodeGcor2,3.11.9,unknown,13155628,341,82,0,0,0.8485333919525146,integrated_gradients,attribution,10,82,0.4494983080954884,0.95,0.46678210388597063,0.8181818181818182,0.6666666666666666,3,3,1.0,0.1433429541066289,"Definately|worst|films.|bad|incredulous,|Not|gets|too|(spoiler)|Grade:"
text,0,2026-10-05T13:47:15,nodeGcor2,3.11.9,unknown,13155628,341,82,0,0,0.8485333919525146,lime,attribution,10,82,0.3621260789877626,1.0,0.43937957007514394,0.8181818181818182,0.8181818181818182,3,3,0.17647058823529413,0.05658442107960582,"worst|films.|bad|script|on|Not|it,|too|to|(spoiler)"
text,0,2026-10-05T13:47:15,nodeGcor2,3.11.9,unknown,13155628,341,82,0,0,0.8485333919525146,random,attribution,10,82,0.08464692539239176,0.65,0.3339106811015168,0.03508771929824561,0.0,3,3,0.05263157894736842,1.1032912880182266e-05,of|bad|I|wasted|on|really|much|scout|happens|(spoiler)
text,0,2026-10-05T13:47:15,nodeGcor2,3.11.9,unknown,13155628,620,125,1,1,0.804405927658081,integrated_gradients,attribution,10,125,0.2187223152395594,0.4,0.5526809508293515,1.0,1.0,3,3,1.0,0.020028462167829275,"delightful|thriller|It's|thrills|spills|ex-spy|wrongly|waterfalls,|it's|Hitchcocky"
text,0,2026-10-05T13:47:15,nodeGcor2,3.11.9,unknown,13155628,620,125,1,1,0.804405927658081,lime,attribution,10,125,0.3143279351662738,0.55,0.4140089770277089,0.9393939393939394,0.8181818181818182,3,3,0.25,0.06120448000729084,delightful|It's|thrills|career|just|&|murder.|Lake|Chinamen|it's
text,0,2026-10-05T13:47:15,nodeGcor2,3.11.9,unknown,13155628,620,125,1,1,0.804405927658081,random,attribution,10,125,0.08660726697082298,0.45,0.33555845734875966,0.017543859649122806,0.0,3,3,0.0,1.1140946298837662e-05,in|on|R|Ullswater)|out|of|and|it's|very|and
text,0,2026-10-05T13:47:15,nodeGcor2,3.11.9,unknown,13155628,725,130,1,1,0.8608377575874329,integrated_gradients,attribution,10,130,0.05954719213020551,0.6,0.4490564096444353,0.8787878787878789,0.8181818181818182,3,3,1.0,0.019199037924408913,"making,|powerful|new|way.|modern|a|classic|inspiration,|surroundings.|fortune,"
text,0,2026-10-05T13:47:15,nodeGcor2,3.11.9,unknown,13155628,725,130,1,1,0.8608377575874329,lime,attribution,10,130,0.06824384015992842,0.55,0.40753225172560636,0.8181818181818182,0.6666666666666666,3,3,0.1111111111111111,0.05696262512356043,"story|mixes|realism|smoke.|of|surroundings.|tricky|astounding,|beautifully.|movie"
text,0,2026-10-05T13:47:15,nodeGcor2,3.11.9,unknown,13155628,725,130,1,1,0.8608377575874329,random,attribution,10,130,0.06280072350550228,0.5,0.33331789199583484,0.03508771929824561,0.05263157894736842,3,3,0.05263157894736842,8.961185812950134e-06,telling|a|of|piece|taking|brave|face.|that|movie|belongs
