modality,seed,date,host,python,commit,slurm_job,instance,y_true,y_pred,p_pred,method,kind,k,d,fid_del,fid_suf,sparsity,stability,robustness,n_valid_stab,n_valid_rob,consistency,time_s,size_abductive,jaccard_abductive,formally_sufficient,anchor_precision
tabular,0,2026-10-02T17:03:28,nodeC000,3.11.9,unknown,,3980,1,1,0.582614004611969,pyxai,set,13,30,0.3122599592148704,1.0,0.5666666666666667,0.9523809523809524,0.7333333333333333,3,3,1.0,0.005710536148399115,13,1.0,True,nan
tabular,0,2026-10-02T17:03:28,nodeC000,3.11.9,unknown,,3980,1,1,0.582614004611969,anchors,set,3,30,0.331276002873149,1.0,0.9,0.7333333333333334,0.2,3,3,1.0,0.9590531787835062,13,0.23076923076923078,False,1.0
tabular,0,2026-10-02T17:03:28,nodeC000,3.11.9,unknown,,3980,1,1,0.582614004611969,lime,attribution,13,30,0.24858626521424163,0.7666666666666667,0.5738644367855248,0.5648148148148148,0.3684210526315789,3,3,0.5294117647058824,0.015933495946228504,13,0.3,False,nan
tabular,0,2026-10-02T17:03:28,nodeC000,3.11.9,unknown,,3980,1,1,0.582614004611969,treeshap,attribution,13,30,0.29166963779027794,1.0,0.7939515130303035,0.9047619047619048,0.8571428571428571,3,3,1.0,0.0013274471275508404,13,0.625,True,nan
tabular,0,2026-10-02T17:03:28,nodeC000,3.11.9,unknown,,3980,1,1,0.582614004611969,random,attribution,13,30,0.05569861849657701,0.3,0.34164857759497846,0.3,0.18181818181818182,3,3,0.3684210526315789,3.94587405025959e-05,13,0.4444444444444444,False,nan
tabular,0,2026-10-02T17:03:28,nodeC000,3.11.9,unknown,,4545,1,1,0.6745516061782837,pyxai,set,8,30,0.3516375399417766,1.0,0.7333333333333334,0.5515151515151515,0.45454545454545453,3,3,1.0,0.004205531906336546,8,1.0,True,nan
tabular,0,2026-10-02T17:03:28,nodeC000,3.11.9,unknown,,4545,1,1,0.6745516061782837,anchors,set,5,30,0.3705539618018683,1.0,0.8333333333333333,0.42857142857142855,0.25,3,3,0.42857142857142855,0.732634843327105,8,0.3,True,0.9742813918305597
tabular,0,2026-10-02T17:03:28,nodeC000,3.11.9,unknown,,4545,1,1,0.6745516061782837,lime,attribution,8,30,0.4017599299749812,1.0,0.6043708729544406,0.5515151515151514,0.6,3,3,0.45454545454545453,0.011706307996064425,8,0.3333333333333333,True,nan
tabular,0,2026-10-02T17:03:28,nodeC000,3.11.9,unknown,,4545,1,1,0.6745516061782837,treeshap,attribution,8,30,0.35179027344289143,1.0,0.8978251312846107,0.7777777777777778,0.6,3,3,1.0,0.0005486910231411457,8,0.45454545454545453,True,nan
tabular,0,2026-10-02T17:03:28,nodeC000,3.11.9,unknown,,4545,1,1,0.6745516061782837,random,attribution,8,30,0.39917057358697433,1.0,0.315545222844419,0.12454212454212454,0.14285714285714285,3,3,0.3333333333333333,3.8626138120889664e-05,8,0.3333333333333333,True,nan
tabular,0,2026-10-02T17:03:28,nodeC000,3.11.9,unknown,,8922,0,0,0.5634876489639282,pyxai,set,4,30,0.0,1.0,0.8666666666666667,1.0,1.0,3,3,1.0,0.004096325021237135,4,1.0,True,nan
tabular,0,2026-10-02T17:03:28,nodeC000,3.11.9,unknown,,8922,0,0,0.5634876489639282,anchors,set,1,30,0.0,0.9666666666666667,0.9666666666666667,1.0,0.0,3,3,1.0,0.25035142013803124,4,0.25,False,0.9547038327526133
tabular,0,2026-10-02T17:03:28,nodeC000,3.11.9,unknown,,8922,0,0,0.5634876489639282,lime,attribution,4,30,0.0,1.0,0.5840694276606591,1.0,1.0,3,3,0.6,0.010623252019286156,4,0.6,False,nan
tabular,0,2026-10-02T17:03:28,nodeC000,3.11.9,unknown,,8922,0,0,0.5634876489639282,treeshap,attribution,4,30,0.0,0.9333333333333333,0.6963509465136499,0.7333333333333334,0.6,3,3,1.0,0.000479681883007288,4,0.14285714285714285,False,nan
tabular,0,2026-10-02T17:03:28,nodeC000,3.11.9,unknown,,8922,0,0,0.5634876489639282,random,attribution,4,30,0.011836990892718384,0.9666666666666667,0.24810937139422218,0.1111111111111111,0.0,3,3,0.0,2.7037225663661957e-05,4,0.14285714285714285,False,nan
tabular,0,2026-10-02T17:03:28,nodeC000,3.11.9,unknown,,11881,0,0,0.6917537450790405,pyxai,set,6,30,0.10552123430362076,1.0,0.8,1.0,1.0,3,3,1.0,0.0041733779944479465,6,1.0,True,nan
tabular,0,2026-10-02T17:03:28,nodeC000,3.11.9,unknown,,11881,0,0,0.6917537450790405,anchors,set,2,30,0.09747889442620533,1.0,0.9333333333333333,0.5555555555555555,0.0,3,3,0.3333333333333333,0.3237733766436577,6,0.3333333333333333,False,1.0
tabular,0,2026-10-02T17:03:28,nodeC000,3.11.9,unknown,,11881,0,0,0.6917537450790405,lime,attribution,6,30,0.18663825764266564,1.0,0.6006743189288982,1.0,0.7142857142857143,3,3,0.7142857142857143,0.010543169919401407,6,0.5,True,nan
tabular,0,2026-10-02T17:03:28,nodeC000,3.11.9,unknown,,11881,0,0,0.6917537450790405,treeshap,attribution,6,30,0.14028724845769777,1.0,0.7752877543565964,1.0,1.0,3,3,1.0,0.0004268069751560688,6,0.3333333333333333,True,nan
tabular,0,2026-10-02T17:03:28,nodeC000,3.11.9,unknown,,11881,0,0,0.6917537450790405,random,attribution,6,30,0.0,0.8666666666666667,0.3908951770631557,0.1272727272727273,0.0,3,3,0.09090909090909091,1.1469237506389618e-05,6,0.09090909090909091,False,nan
