modality,seed,date,host,python,commit,slurm_job,instance,target_date,y_true,y_pred,p_pred,method,kind,k,d,fid_del,fid_suf,sparsity,stability,robustness,n_valid_stab,n_valid_rob,consistency,time_s,mean_lag_topk,top_variable
timeseries,0,2026-10-05T10:32:00,nodeC000,3.11.9,unknown,,12604,2012-07-19,1,1,0.7961152195930481,integrated_gradients,attribution,14,140,0.284013339324879,1.0,0.7749680145255777,0.9111111111111111,0.6470588235294118,3,3,1.0,0.005876448005437851,1.0,RH2
timeseries,0,2026-10-05T10:32:00,nodeC000,3.11.9,unknown,,12604,2012-07-19,1,1,0.7961152195930481,gradient_shap,attribution,14,140,0.32331758431301144,0.7,0.7744258378046049,0.7888888888888889,0.4,3,3,0.5555555555555556,0.004576371982693672,0.8571428571428571,RH2
timeseries,0,2026-10-05T10:32:00,nodeC000,3.11.9,unknown,,12604,2012-07-19,1,1,0.7961152195930481,lime,attribution,14,140,0.31220000781636165,1.0,0.6365896461587148,1.0,1.0,3,3,1.0,0.008593013044446707,1.0714285714285714,RH2
timeseries,0,2026-10-05T10:32:00,nodeC000,3.11.9,unknown,,12604,2012-07-19,1,1,0.7961152195930481,random,attribution,14,140,0.018955126148140416,0.4,0.323856229753708,0.03798670465337132,0.037037037037037035,3,3,0.037037037037037035,1.1650845408439636e-05,7.0,MinT
timeseries,0,2026-10-05T10:32:00,nodeC000,3.11.9,unknown,,12644,2012-08-28,1,1,0.9041779637336731,integrated_gradients,attribution,14,140,0.4448005809517977,1.0,0.8253172901294104,1.0,0.75,3,3,1.0,0.003191548865288496,0.5714285714285714,MinT
timeseries,0,2026-10-05T10:32:00,nodeC000,3.11.9,unknown,,12644,2012-08-28,1,1,0.9041779637336731,gradient_shap,attribution,14,140,0.4725622098265154,1.0,0.8248912725742943,0.6470588235294118,0.6470588235294118,3,3,0.5555555555555556,0.0027788947336375713,0.5,RH2
timeseries,0,2026-10-05T10:32:00,nodeC000,3.11.9,unknown,,12644,2012-08-28,1,1,0.9041779637336731,lime,attribution,14,140,0.4701801742947683,1.0,0.6228276946021452,1.0,0.75,3,3,0.5555555555555556,0.0037411367520689964,0.5,MinT
timeseries,0,2026-10-05T10:32:00,nodeC000,3.11.9,unknown,,12644,2012-08-28,1,1,0.9041779637336731,random,attribution,14,140,0.001885482856523008,0.35,0.31184744160074296,0.024691358024691357,0.12,3,3,0.037037037037037035,1.0174233466386795e-05,6.285714285714286,MaxT
timeseries,0,2026-10-05T10:32:00,nodeC000,3.11.9,unknown,,13821,2015-11-18,0,0,0.6115871071815491,integrated_gradients,attribution,14,140,0.0,0.7,0.8471587862928123,0.9111111111111111,0.75,3,3,1.0,0.0033084736205637455,0.9285714285714286,MinT
timeseries,0,2026-10-05T10:32:00,nodeC000,3.11.9,unknown,,13821,2015-11-18,0,0,0.6115871071815491,gradient_shap,attribution,14,140,0.0,0.7,0.8165186036953254,0.7888888888888889,0.47368421052631576,3,3,0.5555555555555556,0.002894247882068157,0.8571428571428571,MinT
timeseries,0,2026-10-05T10:32:00,nodeC000,3.11.9,unknown,,13821,2015-11-18,0,0,0.6115871071815491,lime,attribution,14,140,0.0,0.85,0.632414551820341,1.0,1.0,3,3,1.0,0.01188994525000453,1.0714285714285714,MinT
timeseries,0,2026-10-05T10:32:00,nodeC000,3.11.9,unknown,,13821,2015-11-18,0,0,0.6115871071815491,random,attribution,14,140,0.003836959342752352,0.5,0.34338501607565153,0.07798670465337132,0.0,3,3,0.037037037037037035,9.076204150915146e-06,6.857142857142857,RH2
timeseries,0,2026-10-05T10:32:00,nodeC000,3.11.9,unknown,,14336,2017-04-16,0,0,0.8328586220741272,integrated_gradients,attribution,14,140,0.2940878544117322,0.95,0.7771309863982664,0.8666666666666667,0.75,3,3,1.0,0.0033050961792469025,0.8571428571428571,RH1
timeseries,0,2026-10-05T10:32:00,nodeC000,3.11.9,unknown,,14336,2017-04-16,0,0,0.8328586220741272,gradient_shap,attribution,14,140,0.4924946230418286,1.0,0.7913455371575717,0.6813725490196078,0.6470588235294118,3,3,0.5555555555555556,0.002874014899134636,0.7857142857142857,RH2
timeseries,0,2026-10-05T10:32:00,nodeC000,3.11.9,unknown,,14336,2017-04-16,0,0,0.8328586220741272,lime,attribution,14,140,0.3626876997282411,0.95,0.6319761599040168,1.0,0.75,3,3,1.0,0.003919041249901056,1.0714285714285714,RH1
timeseries,0,2026-10-05T10:32:00,nodeC000,3.11.9,unknown,,14336,2017-04-16,0,0,0.8328586220741272,random,attribution,14,140,0.06554754084094316,0.6,0.3420900095495226,0.07692307692307693,0.037037037037037035,3,3,0.07692307692307693,1.0541640222072601e-05,6.071428571428571,Wind
